Computer Time,Packet,ESP32 Uptime (s),Right Flow (L/min),Right Preload (mmHg),Pressure 1 (mmHg)
39:29.4,91,95.496,1.18,5.5,0.74
39:30.4,92,96.522,2.72,17.93,0.38
39:31.5,93,97.54,2.88,-4.28,1.89
39:32.5,94,98.556,2.46,2.74,2.17
39:33.5,95,99.589,2.05,-6.02,2.64
39:34.6,96,100.633,1.82,17.89,2.08
39:35.6,97,101.668,1.66,3.78,2.79
39:36.6,98,102.684,1.6,8.76,1.41
39:37.7,99,103.727,1.86,4.57,1.23
39:38.7,100,104.759,2.24,17.6,3.43
39:39.7,101,105.775,2.56,5.83,3.83
39:40.7,102,106.798,2.85,9.94,1.47
39:41.7,103,107.818,2.94,-1.23,2.94
39:42.8,104,108.834,3.04,8.62,3.84
39:43.8,105,109.863,2.88,8.91,4.31
39:44.8,106,110.88,2.66,2.54,5.12
39:45.8,107,111.894,2.59,5.16,2.37
39:46.8,108,112.915,2.5,-2.22,2.43
39:47.9,109,113.946,2.27,6.14,3.36
39:48.9,110,114.976,1.95,12.09,2.18
39:49.9,111,115.994,1.66,0.7,4.06
39:51.0,112,117.035,1.5,4.55,2.72
39:52.0,113,118.058,1.22,7.58,3.8
39:53.1,115,119.142,1.25,2.69,2.52
39:54.1,116,120.166,1.69,8.89,2.69
39:55.1,117,121.206,2.27,10.93,4.18
39:56.1,118,122.226,2.69,1.57,5.25
39:57.2,119,123.257,2.78,14.6,4.35
39:58.2,120,124.276,2.88,-2.2,2.25
39:59.2,121,125.294,2.82,2.28,3.93
40:00.3,122,126.333,2.46,2.46,5
40:01.3,123,127.366,2.08,0.77,3.99
40:02.3,124,128.399,1.82,4.27,3.6
40:03.4,125,129.429,1.7,-5.65,4.61
40:04.4,126,130.447,1.63,3.24,5.37
40:05.4,127,131.474,1.5,-0.41,2.85
40:06.4,128,132.514,1.38,17.64,3.78
40:07.5,129,133.553,1.44,6.18,4.87
40:08.5,130,134.567,1.34,0.96,5.23
40:09.5,131,135.596,1.28,3.75,4.82
40:10.6,132,136.639,1.25,9.62,4.28
40:11.6,133,137.665,1.34,12.13,4.06
40:12.6,134,138.7,1.44,13.87,3.76
40:13.7,135,139.73,1.38,9.74,4.46
40:14.7,136,140.76,1.34,3.43,3.09
40:15.7,137,141.794,1.31,7.5,4.97
40:16.7,138,142.814,1.31,9.73,3.93
40:17.8,139,143.843,1.28,4.52,2.47
40:18.8,140,144.885,1.28,0.3,4.76
40:19.8,141,145.903,1.25,9.2,4.29
40:20.8,142,146.921,1.41,8.42,4.81
40:21.9,143,147.953,1.31,4.36,3.59
40:22.9,144,148.976,1.34,0.77,3.56
40:24.0,145,150.03,1.34,6.46,5.45
40:25.0,146,151.045,1.25,7.97,3.39
40:26.0,147,152.067,1.28,-3.04,4.99
40:27.1,149,153.145,1.28,14.25,4.06
40:28.1,150,154.163,1.31,-1.97,4.79
40:29.1,151,155.195,1.44,5.84,3.87
40:30.2,152,156.228,1.34,1.33,4.04
40:31.2,153,157.257,1.25,4.58,3.65
40:32.3,154,158.336,1.31,-1.77,4.44
40:33.3,155,159.382,1.28,-5.12,4.11
40:34.3,156,160.418,1.34,12.08,3.66
40:35.4,157,161.46,1.31,3.52,4.7
40:36.4,158,162.491,1.34,-1.83,3.5
40:37.5,159,163.536,1.34,-4.05,5.01
40:38.5,160,164.553,1.25,-3.82,3.31
40:39.5,161,165.57,1.44,-10.11,3.76
40:40.5,162,166.612,1.57,-11.53,4.23
40:41.6,163,167.637,1.34,14.62,4.14
40:42.6,164,168.66,1.28,13.07,4.17
40:43.6,165,169.674,1.38,-1.57,4.45
40:44.6,166,170.701,1.38,5.64,4.5
40:45.6,167,171.72,1.28,3.71,4.08
40:46.7,168,172.746,1.34,2.67,4.65
