Computer Time,Packet,ESP32 Uptime (s),Left Flow (L/min),Right Flow (L/min),Left Preload (mmHg),Right Preload (mmHg),Pressure 1 (mmHg),Pressure 2 (mmHg)
2026-10-02 17:29:34.111,343,347.557,,,,5.13,-1.5,
2026-10-02 17:29:35.131,344,348.577,,,,5.12,-1.6,
2026-10-02 17:29:36.162,345,349.61,,,,5.12,-1.55,
2026-10-02 17:29:37.183,346,350.629,,,,5.13,-1.55,
2026-10-02 17:29:38.209,347,351.656,,,,5.12,-1.67,
2026-10-02 17:29:39.226,348,352.673,,0.61,,5.13,-1.66,
2026-10-02 17:29:40.251,349,353.697,,2.27,,5.12,-1.66,
2026-10-02 17:29:41.268,350,354.713,,2.66,,5.13,-1.64,
2026-10-02 17:29:42.335,351,355.782,,2.43,,5.14,-1.65,
2026-10-02 17:29:43.365,352,356.813,,2.24,,5.14,-1.63,
2026-10-02 17:29:44.402,353,357.848,,2.11,,5.12,-1.63,
2026-10-02 17:29:45.431,354,358.878,,2.14,,5.12,-1.57,
2026-10-02 17:29:46.467,355,359.914,,2.11,,5.14,-1.64,
2026-10-02 17:29:47.488,356,360.935,,2.11,,5.13,-1.58,
2026-10-02 17:29:48.521,357,361.969,,2.08,,5.16,-1.62,
2026-10-02 17:29:49.546,358,362.993,,2.08,,5.13,-1.6,
2026-10-02 17:29:50.568,359,364.012,,2.08,,5.12,-1.67,
2026-10-02 17:29:51.584,360,365.031,,2.02,,5.11,-1.63,
2026-10-02 17:29:52.602,361,366.048,,1.98,,5.12,-1.6,
2026-10-02 17:29:53.784,363,367.142,,1.92,,5.12,-1.59,
2026-10-02 17:29:54.805,364,368.251,,1.89,,5.12,-1.59,
2026-10-02 17:29:55.839,365,369.282,,1.82,,5.11,-1.62,
2026-10-02 17:29:56.868,366,370.314,,1.86,,5.11,-1.67,
2026-10-02 17:29:57.902,367,371.347,,1.79,,5.11,-1.68,
2026-10-02 17:29:58.938,368,372.385,,1.79,,5.11,-1.68,
2026-10-02 17:29:59.969,369,373.412,,1.73,,5.1,-1.64,
2026-10-02 17:30:00.986,370,374.432,,1.73,,5.11,-1.68,
2026-10-02 17:30:02.004,371,375.45,,1.79,,5.1,-1.66,
2026-10-02 17:30:03.030,372,376.477,,1.76,,5.11,-1.61,
2026-10-02 17:30:04.055,373,377.501,,1.7,,5.1,-1.63,
2026-10-02 17:30:05.086,374,378.533,,1.66,,5.09,-1.67,
2026-10-02 17:30:06.119,375,379.563,,1.66,,5.11,-1.57,
2026-10-02 17:30:07.158,376,380.603,,1.63,,5.11,-1.71,
2026-10-02 17:30:08.177,377,381.623,,1.6,,5.09,-1.68,
2026-10-02 17:30:09.226,378,382.673,,1.6,,5.1,-1.54,
2026-10-02 17:30:10.245,379,383.692,,1.63,,5.11,-0.71,
2026-10-02 17:30:11.315,380,384.712,,1.7,,5.1,-1.61,
2026-10-02 17:30:12.369,381,385.804,,1.63,,5.09,-1.66,
2026-10-02 17:30:13.425,382,386.87,,1.54,,5.1,-1.65,
2026-10-02 17:30:14.453,383,387.9,,1.5,,5.1,-1.63,
